Helen,Adams,vitae@ullamcorper.co.uk,(08) 9081 3684,(04) 2317 6220,Ap #612-9391 Integer St.,Ravensburg,,BW,Dominica,#
Quon,Vaughan,tincidunt.dui@nulla.co.uk,(06) 9631 8319,(09) 7817 7449,6553 Mollis. St.,Piracicaba,,S�o Paulo,Panama,#
Leigh,Albert,neque.et@laoreet.com,(04) 3101 3797,(03) 8838 4058,5724 Donec Ave,Ribeir�o Preto,,SP,Samoa,#
Elaine,Clements,quis.tristique@variuset.edu,(03) 6414 7097,(05) 8427 9061,"P.O. Box 783, 8701 A St.",Canberra,,Australian Capital Territories,Malta,#
Zeph,Massey,dui.Cum.sociis@Nuncacsem.edu,(07) 9054 8975,(08) 7105 1130,"P.O. Box 858, 7976 Suspendisse Road",Hagen,,NW,Liechtenstein,#
Kathleen,Holden,luctus.ut@diamSeddiam.edu,(02) 3535 9433,(05) 1009 4248,4549 Porttitor St.,Vienna,,Vienna,Niger,#
Fay,Deleon,Donec@anteNuncmauris.com,(07) 9504 6156,(06) 7141 1358,7263 Ligula. Rd.,Canberra,,Australian Capital Territories,Serbia and Montenegro,#
Shaine,Rocha,enim.Etiam.imperdiet@dapibusidblandit.ca,(03) 2778 3508,(07) 1129 8886,Ap #698-665 Praesent Av.,Perk,,VB,Heard Island and Mcdonald Islands,#
Sydnee,Bird,lacus.vestibulum@mattisvelitjusto.com,(09) 7918 1170,(01) 3680 3948,3813 Nunc Av.,Sens,,Bo,Niue,#
Alvin,Ramos,fermentum.arcu.Vestibulum@malesuadamalesuadaInteger.com,(08) 9970 2641,(04) 2088 7060,"P.O. Box 212, 8954 Amet, Street",Bognor Regis,,SS,Bolivia,#
Shad,Aguilar,egestas@Fusce.co.uk,(09) 1590 8127,(03) 3317 8542,449-8751 Euismod St.,Sacramento,,CA,Colombia,#
Graiden,Casey,faucibus@convallis.ca,(08) 4884 2234,(05) 2871 3009,Ap #522-7882 Feugiat Av.,Poitiers,,Poitou-Charentes,Lebanon,#
Ulric,Nicholson,ut@feugiatSednec.ca,(02) 6330 3492,(03) 5600 5080,383-8223 Amet Rd.,Alkmaar,,Noord Holland,Falkland Islands (Malvinas),#
Quentin,James,laoreet@nonmassanon.net,(08) 6285 3015,(04) 9864 4097,3874 Ullamcorper. Rd.,Wolfurt,,Vorarlberg,Namibia,#
Jenna,Serrano,eu.nulla.at@Etiam.net,(04) 6790 7761,(02) 6096 6702,511-3689 Tincidunt St.,Villers-la-Loue,,Luxemburg,Burundi,#
Lillith,Wilcox,penatibus.et@maurisMorbinon.com,(06) 4434 4001,(01) 3736 2671,"211-9382 Vulputate, Rd.",Fort Worth,,TX,Armenia,#
Madeson,Allen,Suspendisse@eratnonummy.ca,(01) 5891 1001,(07) 0798 6549,"Ap #943-2433 Amet, Street",Grave,,N.,Nauru,#
Lane,Le,Donec.at@vestibulum.org,(03) 3177 0218,(03) 3475 2718,"P.O. Box 867, 2709 Neque. Ave",Blumenau,,SC,Grenada,#
Kennan,Pugh,feugiat@turpisNullaaliquet.org,(06) 6704 3214,(02) 5214 5583,545-6086 Orci Avenue,Owensboro,,Kentucky,Peru,#
Forrest,Floyd,ante.Nunc.mauris@Vivamuseuismod.edu,(09) 1421 7774,(07) 1212 4803,"Ap #280-1269 Quis, Avenue",Elsene,,Brussels Hoofdstedelijk Gewest,Uganda,#